{
  "name": "autosave_20260716_203727",
  "created_at": "2026-07-16T20:37:27.790654+08:00",
  "pcd_file": "autosave_20260716_203727.pcd",
  "point_count": 11271,
  "frame": "odom",
  "voxel_size_m": 0.06,
  "bounds_m": {
    "min": [
      -2.9263999462127686,
      -7.511000156402588,
      -0.2551000118255615
    ],
    "max": [
      3.0980000495910645,
      1.5311000347137451,
      1.3446999788284302
    ]
  },
  "mapping_duration_seconds": 196.21,
  "scan_count": 231,
  "origin_odom": {
    "x": -0.0327354334294796,
    "y": -0.002963273786008358,
    "z": 0.3135847747325897,
    "qx": -0.004433515481650829,
    "qy": 0.005488497670739889,
    "qz": -0.297569215297699,
    "qw": 0.9546743035316467
  },
  "sensor_topics": [
    "/utlidar/cloud_deskewed",
    "/utlidar/robot_odom",
    "/utlidar/imu"
  ],
  "slam_backend": "Go2 native LIO",
  "raw_sensor_topics": [
    "/utlidar/cloud",
    "/utlidar/imu"
  ],
  "deduplication": "one_centroid_per_voxel",
  "min_voxel_hits": 2,
  "keyframe_distance_m": 0.04,
  "keyframe_rotation_deg": 2.5,
  "speed_limit_percent": 30
}
