{
  "name": "autosave_20260716_210905",
  "created_at": "2026-07-16T21:09:05.469738+08:00",
  "pcd_file": "autosave_20260716_210905.pcd",
  "point_count": 11140,
  "frame": "odom",
  "voxel_size_m": 0.06,
  "bounds_m": {
    "min": [
      -3.799499988555908,
      -7.097400188446045,
      -0.2563999891281128
    ],
    "max": [
      3.2035000324249268,
      1.577299952507019,
      1.313099980354309
    ]
  },
  "mapping_duration_seconds": 209.1,
  "scan_count": 245,
  "origin_odom": {
    "x": -0.009479992091655731,
    "y": 0.0284415390342474,
    "z": 0.30983608961105347,
    "qx": -0.006409380119293928,
    "qy": 0.003125244751572609,
    "qz": -0.35589417815208435,
    "qw": 0.9344991445541382
  },
  "sensor_topics": [
    "/utlidar/cloud_deskewed",
    "/utlidar/robot_odom",
    "/utlidar/imu"
  ],
  "slam_backend": "Go2 native LIO",
  "raw_sensor_topics": [
    "/utlidar/cloud",
    "/utlidar/imu"
  ],
  "deduplication": "one_centroid_per_voxel",
  "min_voxel_hits": 2,
  "keyframe_distance_m": 0.04,
  "keyframe_rotation_deg": 2.5,
  "speed_limit_percent": 30
}
