{
  "name": "autosave_20260716_045038",
  "created_at": "2026-07-16T04:50:38.647626+08:00",
  "pcd_file": "autosave_20260716_045038.pcd",
  "point_count": 20029,
  "frame": "odom",
  "voxel_size_m": 0.06,
  "bounds_m": {
    "min": [
      -1.301900029182434,
      -5.541800022125244,
      -0.2084999978542328
    ],
    "max": [
      2.937299966812134,
      4.1620001792907715,
      1.7932000160217285
    ]
  },
  "mapping_duration_seconds": 940.18,
  "scan_count": 14333,
  "origin_odom": {
    "x": -0.4840410053730011,
    "y": 0.5428582429885864,
    "z": 0.0465826652944088,
    "qx": -0.0035259469877928495,
    "qy": -0.05172788351774216,
    "qz": -0.04777170345187187,
    "qw": 0.9975118637084961
  },
  "sensor_topics": [
    "/utlidar/cloud_deskewed",
    "/utlidar/robot_odom",
    "/utlidar/imu"
  ],
  "speed_limit_percent": 30
}
