{
  "name": "autosave_20260716_051548",
  "created_at": "2026-07-16T05:15:48.966058+08:00",
  "pcd_file": "autosave_20260716_051548.pcd",
  "point_count": 27177,
  "frame": "odom",
  "voxel_size_m": 0.06,
  "bounds_m": {
    "min": [
      -1.7877999544143677,
      -5.581299781799316,
      -0.25189998745918274
    ],
    "max": [
      2.9333999156951904,
      5.343900203704834,
      1.6907000541687012
    ]
  },
  "mapping_duration_seconds": 1501.49,
  "scan_count": 13124,
  "origin_odom": {
    "x": -0.5287338495254517,
    "y": 0.5520573854446411,
    "z": 0.04815499857068062,
    "qx": -0.0033440077677369118,
    "qy": -0.052584655582904816,
    "qz": -0.04733123257756233,
    "qw": 0.9974884986877441
  },
  "sensor_topics": [
    "/utlidar/cloud_deskewed",
    "/utlidar/robot_odom",
    "/utlidar/imu"
  ],
  "speed_limit_percent": 30
}
