{
  "name": "autosave_20260716_052814",
  "created_at": "2026-07-16T05:28:14.871662+08:00",
  "pcd_file": "autosave_20260716_052814.pcd",
  "point_count": 9040,
  "frame": "camera_init",
  "voxel_size_m": 0.06,
  "bounds_m": {
    "min": [
      -62.84989929199219,
      -263.0409851074219,
      -143.7779998779297
    ],
    "max": [
      4.339200019836426,
      0.44699999690055847,
      1.0020999908447266
    ]
  },
  "mapping_duration_seconds": 31.18,
  "scan_count": 422,
  "origin_odom": {
    "x": 0.034973237576678445,
    "y": 0.14264821204846517,
    "z": -0.005501867051053677,
    "qx": -0.009825297507595998,
    "qy": -0.04892585631887519,
    "qz": -0.19872245687136253,
    "qw": 0.9787845060315171
  },
  "sensor_topics": [
    "/cloud_registered",
    "/Odometry",
    "/utlidar/imu"
  ],
  "slam_backend": "FAST-LIO2",
  "raw_sensor_topics": [
    "/utlidar/cloud",
    "/utlidar/imu"
  ],
  "deduplication": "one_centroid_per_voxel",
  "keyframe_distance_m": 0.04,
  "keyframe_rotation_deg": 2.5,
  "speed_limit_percent": 30
}
