{
  "name": "autosave_20260716_063336",
  "created_at": "2026-07-16T06:33:36.228461+08:00",
  "pcd_file": "autosave_20260716_063336.pcd",
  "point_count": 9595,
  "frame": "odom",
  "voxel_size_m": 0.06,
  "bounds_m": {
    "min": [
      -0.8180999755859375,
      -5.532299995422363,
      -0.2287999987602234
    ],
    "max": [
      2.916599988937378,
      2.265700101852417,
      0.984000027179718
    ]
  },
  "mapping_duration_seconds": 345.4,
  "scan_count": 410,
  "origin_odom": {
    "x": 0.26868391036987305,
    "y": 0.21033982932567596,
    "z": 0.31244292855262756,
    "qx": -0.009237296879291534,
    "qy": 0.004154558759182692,
    "qz": 0.03598667308688164,
    "qw": 0.999301016330719
  },
  "sensor_topics": [
    "/utlidar/cloud_deskewed",
    "/utlidar/robot_odom",
    "/utlidar/imu"
  ],
  "slam_backend": "Go2 native LIO",
  "raw_sensor_topics": [
    "/utlidar/cloud",
    "/utlidar/imu"
  ],
  "deduplication": "one_centroid_per_voxel",
  "min_voxel_hits": 2,
  "keyframe_distance_m": 0.04,
  "keyframe_rotation_deg": 2.5,
  "speed_limit_percent": 30
}
