{
  "name": "autosave_20260716_223718",
  "created_at": "2026-07-16T22:37:18.508490+08:00",
  "pcd_file": "autosave_20260716_223718.pcd",
  "point_count": 12183,
  "frame": "odom",
  "voxel_size_m": 0.06,
  "bounds_m": {
    "min": [
      -2.251300096511841,
      -6.339200019836426,
      -0.1412000060081482
    ],
    "max": [
      3.611299991607666,
      1.4151999950408936,
      1.7276999950408936
    ]
  },
  "mapping_duration_seconds": 746.6,
  "scan_count": 883,
  "origin_odom": {
    "x": 0.13626331090927124,
    "y": -0.22894228994846344,
    "z": 0.04975615069270134,
    "qx": -0.018294842913746834,
    "qy": -0.04854375869035721,
    "qz": -0.3328583240509033,
    "qw": 0.9415489435195923
  },
  "sensor_topics": [
    "/utlidar/cloud_deskewed",
    "/utlidar/robot_odom",
    "/utlidar/imu"
  ],
  "slam_backend": "Go2 native LIO",
  "raw_sensor_topics": [
    "/utlidar/cloud",
    "/utlidar/imu"
  ],
  "deduplication": "one_centroid_per_voxel",
  "min_voxel_hits": 2,
  "keyframe_distance_m": 0.04,
  "keyframe_rotation_deg": 2.5,
  "speed_limit_percent": 55
}
