{
  "name": "autosave_20260716_062739",
  "created_at": "2026-07-16T06:27:39.934679+08:00",
  "pcd_file": "autosave_20260716_062739.pcd",
  "point_count": 11844,
  "frame": "odom",
  "voxel_size_m": 0.06,
  "bounds_m": {
    "min": [
      -1.6576000452041626,
      -5.694900035858154,
      -0.2176000028848648
    ],
    "max": [
      3.074199914932251,
      2.0013999938964844,
      1.1061999797821045
    ]
  },
  "mapping_duration_seconds": 406.44,
  "scan_count": 469,
  "origin_odom": {
    "x": 0.3158894181251526,
    "y": 0.3894548714160919,
    "z": 0.04902356117963791,
    "qx": -0.004105021711438894,
    "qy": -0.0517069548368454,
    "qz": -0.05807313323020935,
    "qw": 0.9969640374183655
  },
  "sensor_topics": [
    "/utlidar/cloud_deskewed",
    "/utlidar/robot_odom",
    "/utlidar/imu"
  ],
  "slam_backend": "Go2 native LIO",
  "raw_sensor_topics": [
    "/utlidar/cloud",
    "/utlidar/imu"
  ],
  "deduplication": "one_centroid_per_voxel",
  "min_voxel_hits": 2,
  "keyframe_distance_m": 0.04,
  "keyframe_rotation_deg": 2.5,
  "speed_limit_percent": 30
}
