{
  "name": "autosave_20260716_062044",
  "created_at": "2026-07-16T06:20:44.194960+08:00",
  "pcd_file": "autosave_20260716_062044.pcd",
  "point_count": 8321,
  "frame": "odom",
  "voxel_size_m": 0.06,
  "bounds_m": {
    "min": [
      -1.0293999910354614,
      -5.604599952697754,
      -0.22920000553131104
    ],
    "max": [
      2.8922998905181885,
      3.734999895095825,
      0.9236000180244446
    ]
  },
  "mapping_duration_seconds": 629.79,
  "scan_count": 742,
  "origin_odom": {
    "x": 0.30547085404396057,
    "y": 0.3996836841106415,
    "z": 0.3107902407646179,
    "qx": -0.00024769699666649103,
    "qy": 0.01176674198359251,
    "qz": -0.04857073351740837,
    "qw": 0.9987504482269287
  },
  "sensor_topics": [
    "/utlidar/cloud_deskewed",
    "/utlidar/robot_odom",
    "/utlidar/imu"
  ],
  "slam_backend": "Go2 native LIO",
  "raw_sensor_topics": [
    "/utlidar/cloud",
    "/utlidar/imu"
  ],
  "deduplication": "one_centroid_per_voxel",
  "min_voxel_hits": 2,
  "keyframe_distance_m": 0.04,
  "keyframe_rotation_deg": 2.5,
  "speed_limit_percent": 30
}
