{
  "name": "autosave_20260716_042644",
  "created_at": "2026-07-16T04:26:44.692773+08:00",
  "pcd_file": "autosave_20260716_042644.pcd",
  "point_count": 5963,
  "frame": "odom",
  "voxel_size_m": 0.06,
  "bounds_m": {
    "min": [
      -0.5697000026702881,
      -5.518199920654297,
      -0.12020000070333481
    ],
    "max": [
      2.8415000438690186,
      1.8507000207901,
      1.211400032043457
    ]
  },
  "mapping_duration_seconds": 8.27,
  "scan_count": 125,
  "origin_odom": {
    "x": -0.4840327203273773,
    "y": 0.5428016185760498,
    "z": 0.04657876864075661,
    "qx": -0.0032297680154442787,
    "qy": -0.051660582423210144,
    "qz": -0.04524975270032883,
    "qw": 0.9976338744163513
  },
  "sensor_topics": [
    "/utlidar/cloud_deskewed",
    "/utlidar/robot_odom",
    "/utlidar/imu"
  ],
  "speed_limit_percent": 30
}
