{
  "name": "autosave_20260716_221440",
  "created_at": "2026-07-16T22:14:40.125618+08:00",
  "pcd_file": "autosave_20260716_221440.pcd",
  "point_count": 3246,
  "frame": "odom",
  "voxel_size_m": 0.06,
  "bounds_m": {
    "min": [
      -2.1958000659942627,
      -6.275199890136719,
      -0.13860000669956207
    ],
    "max": [
      3.634399890899658,
      0.800599992275238,
      1.517899990081787
    ]
  },
  "mapping_duration_seconds": 51.79,
  "scan_count": 62,
  "origin_odom": {
    "x": 0.17513719201087952,
    "y": -0.26788681745529175,
    "z": 0.048185400664806366,
    "qx": -0.01881575770676136,
    "qy": -0.049230363219976425,
    "qz": -0.34486350417137146,
    "qw": 0.9371721148490906
  },
  "sensor_topics": [
    "/utlidar/cloud_deskewed",
    "/utlidar/robot_odom",
    "/utlidar/imu"
  ],
  "slam_backend": "Go2 native LIO",
  "raw_sensor_topics": [
    "/utlidar/cloud",
    "/utlidar/imu"
  ],
  "deduplication": "one_centroid_per_voxel",
  "min_voxel_hits": 2,
  "keyframe_distance_m": 0.04,
  "keyframe_rotation_deg": 2.5,
  "speed_limit_percent": 55
}
