{
  "name": "autosave_20260716_043451",
  "created_at": "2026-07-16T04:34:51.905936+08:00",
  "pcd_file": "autosave_20260716_043451.pcd",
  "point_count": 8656,
  "frame": "odom",
  "voxel_size_m": 0.06,
  "bounds_m": {
    "min": [
      -0.9235000014305115,
      -5.532199859619141,
      -0.16920000314712524
    ],
    "max": [
      2.858799934387207,
      1.9218000173568726,
      1.2141000032424927
    ]
  },
  "mapping_duration_seconds": 105.23,
  "scan_count": 1616,
  "origin_odom": {
    "x": -0.4840582311153412,
    "y": 0.5428014993667603,
    "z": 0.046579811722040176,
    "qx": -0.00306845735758543,
    "qy": -0.05187378078699112,
    "qz": -0.04658685252070427,
    "qw": 0.9975618124008179
  },
  "sensor_topics": [
    "/utlidar/cloud_deskewed",
    "/utlidar/robot_odom",
    "/utlidar/imu"
  ],
  "speed_limit_percent": 30
}
