{
  "name": "autosave_20260716_060118",
  "created_at": "2026-07-16T06:01:19.175433+08:00",
  "pcd_file": "autosave_20260716_060118.pcd",
  "point_count": 11570,
  "frame": "odom",
  "voxel_size_m": 0.06,
  "bounds_m": {
    "min": [
      -1.5893000364303589,
      -5.512800216674805,
      -0.20149999856948853
    ],
    "max": [
      2.911600112915039,
      2.3085999488830566,
      1.1699999570846558
    ]
  },
  "mapping_duration_seconds": 539.79,
  "scan_count": 651,
  "origin_odom": {
    "x": 0.08150704950094223,
    "y": 0.4710603952407837,
    "z": 0.04871731251478195,
    "qx": -0.0029583184514194727,
    "qy": -0.052378926426172256,
    "qz": -0.027665531262755394,
    "qw": 0.9982395768165588
  },
  "sensor_topics": [
    "/utlidar/cloud_deskewed",
    "/utlidar/robot_odom",
    "/utlidar/imu"
  ],
  "slam_backend": "Go2 native LIO",
  "raw_sensor_topics": [
    "/utlidar/cloud",
    "/utlidar/imu"
  ],
  "deduplication": "one_centroid_per_voxel",
  "min_voxel_hits": 2,
  "keyframe_distance_m": 0.04,
  "keyframe_rotation_deg": 2.5,
  "speed_limit_percent": 30
}
