{
  "name": "autosave_20260716_053215",
  "created_at": "2026-07-16T05:32:15.310640+08:00",
  "pcd_file": "autosave_20260716_053215.pcd",
  "point_count": 3000,
  "frame": "odom",
  "voxel_size_m": 0.06,
  "bounds_m": {
    "min": [
      -0.13269999623298645,
      -3.8215999603271484,
      -0.094200000166893
    ],
    "max": [
      2.803499937057495,
      2.199700117111206,
      1.065999984741211
    ]
  },
  "mapping_duration_seconds": 64.41,
  "scan_count": 76,
  "origin_odom": {
    "x": -0.27029672265052795,
    "y": 0.5006919503211975,
    "z": 0.04855922609567642,
    "qx": -0.002169229555875063,
    "qy": -0.05111922323703766,
    "qz": -0.009967608377337456,
    "qw": 0.9986405372619629
  },
  "sensor_topics": [
    "/utlidar/cloud_deskewed",
    "/utlidar/robot_odom",
    "/utlidar/imu"
  ],
  "slam_backend": "Go2 native LIO",
  "raw_sensor_topics": [
    "/utlidar/cloud",
    "/utlidar/imu"
  ],
  "deduplication": "one_centroid_per_voxel",
  "keyframe_distance_m": 0.04,
  "keyframe_rotation_deg": 2.5,
  "speed_limit_percent": 30
}
