{
  "name": "mapa_go2_20260716_043326",
  "created_at": "2026-07-16T04:33:26.983060+08:00",
  "pcd_file": "mapa_go2_20260716_043326.pcd",
  "point_count": 7114,
  "frame": "odom",
  "voxel_size_m": 0.06,
  "bounds_m": {
    "min": [
      -0.8845000267028809,
      -5.512199878692627,
      -0.15520000457763672
    ],
    "max": [
      2.8241000175476074,
      1.8873000144958496,
      1.2085000276565552
    ]
  },
  "mapping_duration_seconds": 20.31,
  "scan_count": 311,
  "origin_odom": {
    "x": -0.4840582311153412,
    "y": 0.5428014993667603,
    "z": 0.046579811722040176,
    "qx": -0.00306845735758543,
    "qy": -0.05187378078699112,
    "qz": -0.04658685252070427,
    "qw": 0.9975618124008179
  },
  "sensor_topics": [
    "/utlidar/cloud_deskewed",
    "/utlidar/robot_odom",
    "/utlidar/imu"
  ],
  "speed_limit_percent": 30
}
