{
  "name": "mapa_go2_20260716_042122",
  "created_at": "2026-07-16T04:21:22.079232+08:00",
  "pcd_file": "mapa_go2_20260716_042122.pcd",
  "point_count": 6962,
  "frame": "odom",
  "voxel_size_m": 0.06,
  "bounds_m": {
    "min": [
      -0.8877999782562256,
      -5.49399995803833,
      -0.16060000658035278
    ],
    "max": [
      2.811000108718872,
      1.898300051689148,
      1.2066999673843384
    ]
  },
  "mapping_duration_seconds": 17.69,
  "scan_count": 271,
  "origin_odom": {
    "x": -0.4840337634086609,
    "y": 0.5428124666213989,
    "z": 0.04658539965748787,
    "qx": -0.0032427737023681402,
    "qy": -0.05159700661897659,
    "qz": -0.04572046920657158,
    "qw": 0.9976156949996948
  },
  "sensor_topics": [
    "/utlidar/cloud_deskewed",
    "/utlidar/robot_odom",
    "/utlidar/imu"
  ],
  "speed_limit_percent": 30
}
