{
  "name": "mapa_go2_20260716_043715",
  "created_at": "2026-07-16T04:37:15.955951+08:00",
  "pcd_file": "mapa_go2_20260716_043715.pcd",
  "point_count": 8831,
  "frame": "odom",
  "voxel_size_m": 0.06,
  "bounds_m": {
    "min": [
      -0.9161999821662903,
      -5.5391998291015625,
      -0.16249999403953552
    ],
    "max": [
      2.8522000312805176,
      1.9199999570846558,
      1.2134000062942505
    ]
  },
  "mapping_duration_seconds": 137.49,
  "scan_count": 2112,
  "origin_odom": {
    "x": -0.4840410053730011,
    "y": 0.5428582429885864,
    "z": 0.0465826652944088,
    "qx": -0.0035259469877928495,
    "qy": -0.05172788351774216,
    "qz": -0.04777170345187187,
    "qw": 0.9975118637084961
  },
  "sensor_topics": [
    "/utlidar/cloud_deskewed",
    "/utlidar/robot_odom",
    "/utlidar/imu"
  ],
  "speed_limit_percent": 30
}
