{
  "name": "mapa_go2_20260716_043544",
  "created_at": "2026-07-16T04:35:44.319569+08:00",
  "pcd_file": "mapa_go2_20260716_043544.pcd",
  "point_count": 7925,
  "frame": "odom",
  "voxel_size_m": 0.06,
  "bounds_m": {
    "min": [
      -0.9004999995231628,
      -5.54010009765625,
      -0.1607999950647354
    ],
    "max": [
      2.8522000312805176,
      1.9011000394821167,
      1.2107000350952148
    ]
  },
  "mapping_duration_seconds": 45.86,
  "scan_count": 704,
  "origin_odom": {
    "x": -0.4840410053730011,
    "y": 0.5428582429885864,
    "z": 0.0465826652944088,
    "qx": -0.0035259469877928495,
    "qy": -0.05172788351774216,
    "qz": -0.04777170345187187,
    "qw": 0.9975118637084961
  },
  "sensor_topics": [
    "/utlidar/cloud_deskewed",
    "/utlidar/robot_odom",
    "/utlidar/imu"
  ],
  "speed_limit_percent": 30
}
